{
  "assetsByChunkName": {
    "vendors~app-account~app-confirmation~app-order": "chunk.05c144c9be7f86afde98.js",
    "vendors~app-account~app-checkout": "chunk.aa2e99140c53cf650fb0.js",
    "vendors~app-cart~app-checkout": "chunk.95d203dfbb1739188c22.js",
    "admin": [
      "admin.f83b86f3cee8925adc5c.js",
      "admin.f83b86f3cee8925adc5c.js.map"
    ],
    "app-account": "chunk.6bac5e6f87a99d140f46.js",
    "app-confirmation": "chunk.2d6e320cebfcdef2968d.js",
    "app-order": "chunk.dc3156f5519fb7d5a602.js",
    "checkout": [
      "checkout.bd96897dec47efe7c8a6.js",
      "checkout.bd96897dec47efe7c8a6.js.map"
    ],
    "storefront": [
      "storefront.72fca575dd8223d91d43.css",
      "storefront.e05f65d55285b04a2f56.js",
      "storefront.72fca575dd8223d91d43.css.map",
      "storefront.e05f65d55285b04a2f56.js.map"
    ],
    "vendors~app-cart": "chunk.ea8491aae2a2e75eb117.js",
    "vendors~app-checkout": "chunk.51a91c69cfacee8d0d57.js"
  }
}